<linker>
	<assembly fullname="Unity.Localization">
		<type fullname="UnityEngine.Localization.Settings.SpecificLocaleSelector" preserve="nothing" serialized="true"/>
		<type fullname="UnityEngine.Localization.Settings.CommandLineLocaleSelector" preserve="nothing" serialized="true"/>
		<type fullname="UnityEngine.Localization.Settings.SystemLocaleSelector" preserve="nothing" serialized="true"/>
		<type fullname="UnityEngine.Localization.Settings.LocalesProvider" preserve="nothing" serialized="true"/>
		<type fullname="UnityEngine.Localization.Settings.LocalizedAssetDatabase" preserve="nothing" serialized="true"/>
		<type fullname="UnityEngine.Localization.Settings.LocalizedStringDatabase" preserve="nothing" serialized="true"/>
		<type fullname="UnityEngine.Localization.SmartFormat.SmartFormatter" preserve="nothing" serialized="true"/>
		<type fullname="UnityEngine.Localization.SmartFormat.Core.Settings.SmartSettings" preserve="nothing" serialized="true"/>
		<type fullname="UnityEngine.Localization.SmartFormat.Core.Parsing.Parser" preserve="nothing" serialized="true"/>
		<type fullname="UnityEngine.Localization.SmartFormat.Extensions.ListFormatter" preserve="nothing" serialized="true"/>
		<type fullname="UnityEngine.Localization.SmartFormat.Extensions.DictionarySource" preserve="nothing" serialized="true"/>
		<type fullname="UnityEngine.Localization.SmartFormat.Extensions.ValueTupleSource" preserve="nothing" serialized="true"/>
		<type fullname="UnityEngine.Localization.SmartFormat.Extensions.XmlSource" preserve="nothing" serialized="true"/>
		<type fullname="UnityEngine.Localization.SmartFormat.Extensions.ReflectionSource" preserve="nothing" serialized="true"/>
		<type fullname="UnityEngine.Localization.SmartFormat.Extensions.DefaultSource" preserve="nothing" serialized="true"/>
		<type fullname="UnityEngine.Localization.SmartFormat.Extensions.PluralLocalizationFormatter" preserve="nothing" serialized="true"/>
		<type fullname="UnityEngine.Localization.SmartFormat.Extensions.ConditionalFormatter" preserve="nothing" serialized="true"/>
		<type fullname="UnityEngine.Localization.SmartFormat.Extensions.TimeFormatter" preserve="nothing" serialized="true"/>
		<type fullname="UnityEngine.Localization.SmartFormat.Extensions.XElementFormatter" preserve="nothing" serialized="true"/>
		<type fullname="UnityEngine.Localization.SmartFormat.Extensions.ChooseFormatter" preserve="nothing" serialized="true"/>
		<type fullname="UnityEngine.Localization.SmartFormat.Extensions.SubStringFormatter" preserve="nothing" serialized="true"/>
		<type fullname="UnityEngine.Localization.SmartFormat.Extensions.IsMatchFormatter" preserve="nothing" serialized="true"/>
		<type fullname="UnityEngine.Localization.SmartFormat.Extensions.DefaultFormatter" preserve="nothing" serialized="true"/>
	</assembly>
</linker>
